user_id,name,email,signup_date
1,Matthew Rogers,kellerkyle@example.com,2023-08-23
2,James Carey,panderson@example.org,2020-01-26
3,Tanya Wilcox,johnnybrowning@example.org,2020-08-11
4,Angela Mcmillan,johnsonsamantha@example.net,2024-06-29
5,Karen Decker,gillmichael@example.com,2024-11-16
6,Jonathan Reeves,rrhodes@example.net,2024-03-08
7,Anthony Smith,mariemorgan@example.org,2022-10-03
8,Victoria Turner,william71@example.net,2024-04-06
9,Jeffrey Morris,samantha69@example.org,2022-12-08
10,Robert Barnes,edwardsmelissa@example.net,2023-12-05
11,Kelly Bridges,jamesbeck@example.org,2024-07-07
12,Stephanie Jackson,nealjoshua@example.org,2024-11-08
13,Sean Clark,daltonmontgomery@example.org,2023-08-24
14,Sarah Smith,zcampbell@example.com,2021-06-25
15,Jessica Brady,alexandrawyatt@example.org,2021-12-17
16,Eric Williams,david03@example.net,2023-03-19
17,Timothy Gibbs,glin@example.net,2020-04-08
18,Alexis English,sally99@example.net,2024-02-09
19,Melanie Ortiz,jgraham@example.com,2021-08-24
20,Noah Bell,mariole@example.org,2022-05-22
21,Sara Oconnor,sara00@example.net,2022-11-26
22,Tanya Thornton,wilsonroberto@example.net,2021-10-08
23,Phillip Jones,riley92@example.org,2024-07-21
24,Michael Martin,holdenshannon@example.org,2023-02-23
25,Jacqueline Watson,peterramos@example.com,2022-04-30
26,Marilyn Frey,gutierrezterri@example.net,2021-03-01
27,Jonathan Anderson,valerie40@example.com,2020-01-24
28,Michelle Williamson DVM,tscott@example.com,2024-11-17
29,Brittany Myers,susan37@example.com,2020-12-16
30,Brandon Mason,robertsondavid@example.com,2023-01-21
31,Bridget Clark,heather77@example.org,2020-07-06
32,Nicholas Jones,bsmith@example.org,2021-12-04
33,Wesley Collins,nealelizabeth@example.com,2022-04-01
34,Vincent Stevens,bonnie46@example.com,2022-09-27
35,Stephen Hogan,richardmoore@example.org,2021-02-24
36,Olivia Nelson,iburns@example.org,2024-01-15
37,Jeremy Carter,vkelly@example.org,2021-01-06
38,Kathryn Mcintosh,coleian@example.org,2023-10-10
39,Robert Esparza,sarahlong@example.net,2022-02-28
40,Jerry Perry,ritabates@example.org,2024-09-09
41,Megan Flowers,prodriguez@example.org,2020-10-09
42,Erica Mitchell,clarkdylan@example.net,2020-02-15
43,Paula Morton,ccastillo@example.net,2020-06-13
44,April Daniels,ubuchanan@example.com,2021-09-01
45,David Lewis,nicholasjacobson@example.net,2021-07-07
46,Jamie Lucas,zachary07@example.net,2020-07-07
47,Brett West,johnsonmadison@example.org,2020-07-01
48,Virginia Huang,jeffrey62@example.org,2021-12-29
49,Hannah Reed,randall43@example.net,2023-10-27
50,Ashley Vasquez,alexander19@example.com,2020-04-24
51,Philip Collins,brownedward@example.com,2022-05-22
52,Thomas Peterson,leslieallen@example.com,2023-11-12
53,Jill Bryant,morrisnathaniel@example.com,2023-11-19
54,Robert Turner,xgonzalez@example.net,2023-02-09
55,Lisa Chapman,jessicabaker@example.org,2020-12-30
56,Kenneth Berry,paynechristina@example.net,2024-04-08
57,Sean Allen,eric62@example.com,2024-02-07
58,Joseph Moreno,rileyryan@example.org,2023-03-12
59,Scott Pierce,amercer@example.net,2021-07-30
60,Shawn Johnson,wilkinsbrooke@example.com,2023-05-13
61,Anita Mcgee,gmills@example.net,2021-04-07
62,Jasmine Williams,angeladuffy@example.org,2020-08-08
63,John Ruiz,xrhodes@example.com,2021-11-11
64,Robert Carpenter MD,mgarcia@example.org,2021-09-29
65,Hannah Johnson,crystal07@example.net,2021-07-17
66,Valerie Perez,robinsonjoseph@example.org,2023-02-25
67,Darryl Franco,westbrittney@example.org,2020-06-01
68,Jason Glass,ashley93@example.org,2020-05-13
69,Kyle Reed,cmorris@example.org,2020-03-27
70,Adam Preston,richardwilliams@example.net,2024-05-24
71,Janet White,kelly02@example.com,2020-03-09
72,Shelley Morrison,duncannicole@example.org,2020-09-14
73,Mr. Brian Williams Jr.,rachelblankenship@example.net,2021-07-17
74,Natasha Carroll,kellyyoung@example.org,2021-09-06
75,Nicole Foley,ajennings@example.com,2022-03-31
76,Darlene Cherry,jeffreyglenn@example.net,2022-02-18
77,Shannon Brown,aliciaperez@example.com,2022-02-19
78,Victoria Hayes,james01@example.net,2023-06-07
79,Tiffany Conrad,hrodriguez@example.org,2022-12-26
80,Sheri Johnson,evansanthony@example.net,2022-03-15
81,Charles Lee,tony17@example.net,2020-08-25
82,Alan Washington,brownmark@example.org,2021-07-26
83,Taylor Martinez,umacdonald@example.net,2020-08-31
84,Nicholas Hernandez,hopkinskatherine@example.org,2021-11-07
85,Steven Martinez,eboyd@example.com,2020-08-24
86,Eric Johnson,johnsonmatthew@example.org,2022-03-22
87,Jose Forbes,charles10@example.com,2020-04-23
88,Willie Henry,maddenbradley@example.net,2022-09-22
89,Logan Ortiz,larsonanthony@example.com,2024-01-18
90,Linda Miller,richmonddonna@example.org,2022-11-10
91,Kimberly Ward,reyesdouglas@example.net,2024-02-27
92,Russell Mccormick,normasims@example.org,2021-06-16
93,Jessica Duncan,lporter@example.org,2023-10-17
94,Lauren Stone,njohnson@example.org,2021-07-13
95,Jennifer West,angela99@example.com,2023-06-06
96,Sheila Sims,jonathan68@example.org,2022-08-18
97,Alex Baker,oshelton@example.org,2023-11-16
98,Gregory Castaneda,corey22@example.com,2022-12-31
99,Jo Martin,john68@example.org,2020-07-09
100,Jo Brown,rharris@example.org,2021-10-21
101,Monique Moran,amy11@example.com,2020-06-09
102,Sean Jensen,nrush@example.com,2021-04-26
103,Amy Robinson,johnsonallison@example.com,2023-01-08
104,Jennifer Hall,haroldallen@example.com,2021-04-19
105,Mrs. Mary Long,briankeith@example.net,2020-07-20
106,Douglas Glover,rhonda60@example.com,2021-12-04
107,Eric Johnson,lrobertson@example.org,2020-04-20
108,Katrina Parks,antonio28@example.org,2023-04-29
109,Suzanne Sanchez,rileysusan@example.net,2022-08-24
110,Courtney Hernandez,franksusan@example.org,2021-06-15
111,Valerie Tucker,weberkyle@example.org,2020-09-02
112,Kathleen Oconnor,uhuff@example.net,2023-01-11
113,Adam Obrien,craigsarah@example.org,2020-11-10
114,Pamela Callahan,robin04@example.org,2021-04-27
115,Edwin Taylor,flittle@example.com,2021-03-28
116,James Case,michael05@example.org,2020-03-11
117,Nicholas Huber,hudsonjames@example.net,2023-11-12
118,Joseph Benjamin,lyncheric@example.org,2020-02-12
119,Norman Scott,jasmine96@example.org,2021-03-22
120,Tammy Moreno,mooredaniel@example.com,2023-03-09
121,Emily Cook,matthew53@example.org,2024-02-21
122,Sherri Hudson,torreskatrina@example.net,2022-08-02
123,Gary Hanson,ydavis@example.net,2022-11-30
124,Matthew Murray,egarcia@example.org,2020-11-20
125,Christopher Kelly,kelleykayla@example.org,2023-09-08
126,Adam Harrell,derekharris@example.net,2023-07-14
127,Juan Donaldson,kimberly58@example.com,2024-08-05
128,Amber Hood,pallen@example.org,2024-07-03
129,Steven Lamb,bwilliams@example.com,2024-05-04
130,Mary West,armstrongjustin@example.net,2022-10-15
131,Jordan Campbell,robert84@example.org,2023-04-29
132,Ryan Pearson,johnathan61@example.com,2021-11-19
133,William Bates,uthompson@example.com,2022-01-19
134,Tiffany Chapman,lorettawest@example.org,2022-03-09
135,Julie Garcia,danny40@example.net,2020-09-16
136,James Howard,qware@example.org,2022-05-26
137,Samantha Flowers,lisa67@example.org,2020-01-02
138,Dana Young,vyoung@example.com,2022-11-28
139,Richard Carr,sandersbobby@example.com,2023-06-05
140,Mary Clark,btaylor@example.net,2022-08-15
141,Charles Martinez,cathysmith@example.com,2022-01-26
142,Michelle Taylor,maureensandoval@example.com,2023-09-14
143,Caitlin Caldwell,jenniferfleming@example.net,2020-04-14
144,Karina Lee,danielsdavid@example.com,2020-08-15
145,Brett Robinson,xwilliams@example.com,2022-05-10
146,Sarah Cannon,kterrell@example.net,2022-09-03
147,Jessica Morrow,ann13@example.com,2024-07-21
148,Angela Vaughn,cynthiaandrews@example.org,2020-06-09
149,Jacqueline Mullins,snguyen@example.net,2021-10-04
150,Donald Smith,hensleystephen@example.net,2023-12-03
151,Dean Turner,hollymcmillan@example.org,2021-06-15
152,William Anderson,brandonhuang@example.net,2021-08-18
153,Tracy Callahan,dawsonmarissa@example.org,2024-05-04
154,Jennifer Johnson,garciadavid@example.org,2022-11-07
155,Sean Stevens,ymoore@example.net,2023-05-06
156,Eric Wagner,riverabrian@example.org,2024-03-11
157,Elizabeth Hill,ianwalters@example.com,2023-04-13
158,Elizabeth Forbes,andrew26@example.org,2021-01-26
159,Elizabeth Poole,ahansen@example.org,2020-08-22
160,Samuel Scott,rachelbaker@example.com,2020-02-22
161,James Rojas,elizabeth68@example.org,2023-07-02
162,David Anderson,gutierrezrachel@example.org,2024-11-12
163,Robert Hudson,vreese@example.org,2020-05-06
164,Nicole Gutierrez,stephanie97@example.com,2022-06-13
165,Shelley Hoffman,carterbenjamin@example.org,2024-11-24
166,Amy Weaver,garyestrada@example.com,2021-04-23
167,Richard Johnson,glennphillip@example.org,2021-02-28
168,Gabriela Olson,taylorrichard@example.com,2022-03-06
169,Renee Stevens,clarktony@example.com,2022-01-26
170,Lori Navarro,erika53@example.net,2023-12-10
171,Logan Perry,carolyndaniel@example.org,2021-05-22
172,Katie Munoz,sandra47@example.net,2024-05-31
173,Kathryn Herrera,jennifer64@example.net,2020-05-17
174,Danielle Wright,evansrodney@example.net,2020-07-03
175,Carolyn Grimes,derekroberts@example.net,2022-11-19
176,Philip Johnson,xaustin@example.net,2020-11-25
177,Michael Hall,yatesshawn@example.net,2024-03-25
178,Nancy Johnson,everettkimberly@example.org,2022-04-12
179,Tonya Adams,julie97@example.net,2023-08-09
180,Gregory Wilson,davidmann@example.com,2020-12-08
181,Stephanie Garcia,cherylsanchez@example.com,2024-02-12
182,Michael Mccoy,phelpstammy@example.net,2023-11-27
183,Lisa Carlson,braunlinda@example.net,2024-04-12
184,Angela Fisher,shannon86@example.net,2022-07-09
185,Leslie Sanchez,mcdonaldkimberly@example.com,2023-01-31
186,James Green,angelatucker@example.org,2021-05-28
187,Sandra Davidson,taylorchristian@example.com,2022-09-25
188,Cindy Martinez,michael52@example.org,2020-07-14
189,Cody Stanley,ashley41@example.com,2022-08-24
190,Nancy Rivera,qrogers@example.net,2020-09-03
191,Robert Duran,james25@example.net,2020-03-07
192,Chris Perez,westgrace@example.org,2022-06-11
193,Tami Anderson,rachelharris@example.net,2021-01-04
194,Ashley Watts,gallegosconnor@example.net,2022-07-01
195,Cesar Haynes,morrispenny@example.com,2023-05-06
196,David Cantrell,juliestevens@example.org,2024-04-13
197,Stephanie Lee,jonathan01@example.net,2020-02-03
198,Lauren Reed,teresa45@example.com,2024-09-10
199,Jenna Meyer,tyoung@example.net,2021-11-19
200,Edward Fleming,mberg@example.org,2021-09-24
201,Fred Riley,mary44@example.net,2021-10-19
202,Brian Spears,grace46@example.com,2020-10-23
203,Deborah Gomez,barnesjonathan@example.org,2021-09-29
204,Brianna Mora,jenniferhardy@example.net,2022-01-15
205,Mark Robles,yhall@example.com,2022-02-20
206,Alexis Sampson,martinreed@example.com,2024-12-16
207,Vanessa Pham,smithfrancis@example.net,2023-02-08
208,Mr. Devon Chan,andrewhuerta@example.net,2020-04-27
209,Lisa Oneal,rosspatrick@example.com,2020-07-20
210,Mr. Brian Molina,edward66@example.com,2023-10-17
211,Becky Cook MD,roy63@example.net,2022-03-21
212,Micheal Hernandez,johnjohnson@example.net,2021-11-21
213,Ralph Kramer Jr.,vruiz@example.org,2023-06-05
214,Christian Martin,stewartharold@example.net,2021-01-06
215,Kimberly Reese,christina32@example.org,2023-01-17
216,Bobby Rodriguez,jasondennis@example.net,2022-12-03
217,Derek Gillespie,steven20@example.com,2024-07-14
218,Jill Brock,parkerpatrick@example.net,2021-04-08
219,Robert Smith,julie19@example.com,2020-11-01
220,Mary Hernandez,wdowns@example.com,2020-11-19
221,Steve Young,odelgado@example.net,2021-08-01
222,James Solis,garymitchell@example.org,2024-04-23
223,Daniel Cooper,jjohnson@example.com,2024-09-08
224,Sheri Johnston,austinmcgee@example.org,2020-09-07
225,Maria Duffy,scott48@example.org,2023-10-18
226,Jamie Brown,matthew66@example.com,2020-04-27
227,Jason Watts,crystaldiaz@example.net,2023-06-29
228,Randall Reynolds,dominguezjoshua@example.net,2020-12-10
229,Danielle Kramer,kathleen60@example.net,2022-04-17
230,Barbara Garcia,campbellrichard@example.com,2024-02-02
231,Russell Mcclain,william65@example.com,2020-12-24
232,Aaron Rollins,qwilliams@example.org,2022-08-18
233,Jocelyn Banks,zbaker@example.net,2024-07-03
234,Jaclyn Vincent,amynguyen@example.com,2021-07-25
235,Diana Cooper,wsexton@example.org,2022-09-14
236,Robert Zhang,ygregory@example.org,2023-10-19
237,Robert Clay,shelbydixon@example.org,2023-05-04
238,Tiffany Rivera DDS,rnelson@example.com,2020-09-25
239,Jasmin Robbins,darindonovan@example.com,2023-10-24
240,Tracy Frazier,seanchen@example.com,2022-04-24
241,Lawrence Gray,kristen13@example.com,2021-07-23
242,Mr. Tommy Morrison,gsmith@example.com,2022-10-01
243,Lisa Powell,buchananmadison@example.com,2022-11-19
244,Ana Miller,bsalazar@example.com,2022-09-25
245,Jasmine Robinson,shelly45@example.net,2020-05-17
246,Louis Rodriguez,kimberly94@example.org,2022-08-07
247,Amber Shaw,michaelmarquez@example.org,2024-11-22
248,Matthew Bailey,robertrodriguez@example.com,2021-08-14
249,Jimmy Wright,michael95@example.com,2021-10-08
250,Daniel Mason,walter26@example.com,2020-05-06
251,Erica Gardner,michaelmathis@example.net,2020-08-26
252,Daniel Smith,tonivega@example.com,2024-02-13
253,Jennifer Hayes,hebertkayla@example.org,2021-06-29
254,Greg Bartlett,bryanmcgrath@example.org,2023-03-11
255,Anthony Page,zday@example.net,2020-07-25
256,Stephanie Fernandez,pattersonbenjamin@example.org,2024-02-28
257,Cindy Williams,vjohnson@example.org,2024-12-05
258,Pamela Torres,christopher52@example.org,2020-12-01
259,Kevin Lambert,joanyoung@example.org,2022-09-28
260,Terry Vargas,charlesward@example.com,2020-07-26
261,Julie Nunez,aaronlindsey@example.com,2021-02-26
262,Dr. Christine Pierce,zperez@example.net,2021-09-25
263,Mrs. Jennifer Yang,jessica39@example.com,2022-05-22
264,Jennifer Mullins,pward@example.net,2020-11-20
265,Mary Roberts,waynesalinas@example.net,2024-05-05
266,Rachel Santiago,dlester@example.com,2022-12-13
267,Brandy Lopez,andre33@example.com,2022-09-28
268,Juan Smith,chelseaduran@example.org,2022-06-04
269,Michelle Jones,bradley25@example.net,2020-05-02
270,Christina Ritter,destiny42@example.net,2023-03-15
271,Kenneth Jones,wcameron@example.net,2024-05-10
272,Jason Rivera,howard66@example.org,2023-04-11
273,Robert Macias,lopezlinda@example.com,2023-09-16
274,Brendan Gonzalez,lisajohnson@example.org,2020-07-29
275,Teresa Green,vritter@example.org,2022-07-18
276,Sean Olson,tapiaallen@example.org,2022-08-29
277,Rachael Callahan,grantmelissa@example.com,2024-01-02
278,Theresa Vang,scoffey@example.org,2022-12-07
279,Arthur Hardy,ftaylor@example.org,2024-03-28
280,Andrea Rodriguez,joseph34@example.net,2022-02-10
281,Kathryn Rush,ovelasquez@example.org,2024-08-28
282,Kayla Simon,lisa82@example.org,2022-02-04
283,Patricia Gomez,elizabethwilson@example.com,2020-12-22
284,James Jenkins,wperez@example.org,2021-03-13
285,Mitchell Brown,udougherty@example.net,2021-07-04
286,Brandon Olson,jasonrivera@example.org,2020-11-15
287,Antonio Fox,burchblake@example.net,2022-01-10
288,Jennifer Nunez,hhernandez@example.com,2024-01-21
289,Angela Miller,bstone@example.com,2020-10-06
290,Stephanie Lozano MD,kelly60@example.org,2020-05-20
291,Charles Carter,andreaclark@example.com,2024-08-11
292,Samuel Wilson,fernandeztonya@example.com,2024-08-26
293,Jon Baldwin,seanholt@example.net,2020-08-26
294,Wayne Christensen,oconnelltheresa@example.com,2022-12-29
295,Julie Barry,carlarodriguez@example.net,2024-11-14
296,Jeanette Rios,msmith@example.com,2024-02-09
297,Anthony Tyler,marylopez@example.org,2020-05-30
298,Clarence Moore,daniel86@example.com,2020-03-12
299,Crystal Gonzalez,stevensdavid@example.com,2022-08-22
300,Douglas Jackson,jasonbullock@example.net,2020-04-13
301,Gwendolyn Stanley,icarey@example.com,2024-11-06
302,Allen Li,sharonhurley@example.net,2020-04-17
303,Mary Sanchez,joshuamartin@example.net,2023-08-08
304,Paul Atkins,vtate@example.net,2020-01-16
305,Jennifer Hammond,vrodriguez@example.org,2024-10-11
306,Melissa Blackwell,rhonda47@example.net,2024-10-14
307,Diana Wilson,nrodgers@example.org,2020-12-12
308,Raymond Larsen,jackstrickland@example.org,2024-07-15
309,Christopher Williams,katiepalmer@example.org,2022-04-29
310,Jonathan Larsen,emmabrewer@example.net,2023-06-20
311,Andrea Reese,michaelbond@example.net,2020-05-12
312,Marie Juarez,jenniferjohnson@example.com,2023-12-14
313,Paul Jackson,parklisa@example.net,2020-02-20
314,Jennifer White,qjackson@example.net,2021-05-21
315,Virginia Rice,danielslisa@example.com,2023-02-23
316,Megan Harvey,derek15@example.org,2021-12-07
317,Brandon Garcia,tracymccoy@example.net,2021-01-20
318,Alison Reed DVM,stevengallagher@example.net,2020-04-06
319,Scott Williams,millscassandra@example.com,2020-06-03
320,Rachel Johnson,larry53@example.org,2024-09-07
321,Robert Mccoy,veleztammy@example.org,2024-06-12
322,Elizabeth Kelly,coxjames@example.com,2022-10-02
323,James Black,sarahcopeland@example.com,2022-07-12
324,Melody Wolf,johnalvarez@example.org,2021-09-06
325,Erin Wilson,zbarton@example.net,2020-06-12
326,Samuel Zhang,jose88@example.net,2024-03-10
327,Adam Boyd,gwheeler@example.org,2021-02-05
328,Jordan Gonzalez,kylechambers@example.com,2023-07-07
329,Kevin White,strongcharles@example.net,2022-06-30
330,Christine Caldwell MD,torrespamela@example.com,2024-06-20
331,Amanda Ruiz,ahall@example.org,2020-01-22
332,Ruth Ellis,stevenrodriguez@example.net,2020-06-06
333,Justin Maxwell,samanthaward@example.com,2023-05-14
334,Robert Vega,williamrojas@example.net,2020-10-09
335,Peter Sherman,woodjames@example.net,2024-04-01
336,Paul Espinoza DDS,timothyrichards@example.org,2021-04-18
337,Cynthia Flores,joshuamaxwell@example.net,2021-03-03
338,Annette Cook,qhayes@example.com,2023-11-07
339,Terry Smith,jessicaallison@example.org,2020-03-16
340,Rodney Patterson,ryancoleman@example.net,2024-07-03
341,Mark Davidson,kristenlang@example.net,2022-11-20
342,Luke Orozco,simpsonleah@example.com,2022-01-15
343,William Stewart,tiffany27@example.com,2021-10-07
344,Christopher Singleton,juliegarcia@example.net,2020-03-23
345,David Taylor,amanda91@example.org,2023-01-04
346,Steven Cunningham,cheryl46@example.org,2023-11-02
347,Jerry Brock,joshua22@example.com,2023-12-26
348,Angel Vang,whitney92@example.org,2021-12-30
349,April Hull,paul74@example.com,2022-08-20
350,Kimberly Hanson,ehayden@example.net,2021-03-21
351,Michael Moss,richardgill@example.org,2023-09-13
352,Gabrielle Castillo,veronicasavage@example.net,2021-01-18
353,Tracy Gonzalez,debbiegibson@example.org,2022-01-24
354,Joseph Clements,hernandezjoshua@example.com,2020-03-02
355,Claire Yang,baldwinglenn@example.net,2024-05-11
356,Cynthia Farrell,erinrodriguez@example.net,2021-03-15
357,Matthew Mata,kennedychristine@example.org,2020-05-11
358,Kevin Hamilton,scott03@example.com,2022-10-24
359,Michele Pierce,sylvia68@example.com,2023-04-29
360,Jeffrey Johnston,wsmith@example.net,2020-06-02
361,Adrian Cooper,dianamarquez@example.org,2021-08-31
362,Thomas Smith,karenthompson@example.com,2020-08-14
363,Pamela Lopez,anthony21@example.org,2024-03-06
364,Shelly Jenkins,margaretmata@example.net,2021-02-21
365,Kelly Allen,leslie36@example.com,2024-11-28
366,Jonathan Hickman,ewhite@example.org,2024-02-14
367,David Barrera,daisyanderson@example.com,2023-03-26
368,Jordan Carrillo,wblackburn@example.net,2020-09-22
369,Shannon Mccall,potterbrandon@example.net,2024-07-31
370,Frank Maldonado,kelseylong@example.com,2022-11-01
371,Shannon Hill,kathy58@example.net,2021-05-14
372,Dale Hansen,zachary57@example.com,2024-06-22
373,Heather Santana,jennifermitchell@example.org,2021-03-11
374,Terry Henry,beanzachary@example.net,2020-07-06
375,Robert Johnston,jboone@example.com,2024-02-27
376,Julie Jackson,ashley14@example.com,2021-08-17
377,Brandon Davis,xmyers@example.com,2023-01-09
378,Tony Gutierrez,stephenssteven@example.net,2020-04-11
379,Jon Miller,ozimmerman@example.org,2021-01-29
380,Helen Mccall,iromero@example.org,2024-07-03
381,Samantha Warren,eddienolan@example.net,2023-08-04
382,Christopher Williams,potterpamela@example.net,2022-07-23
383,Henry Hardin,caroline87@example.org,2021-04-10
384,Kaitlyn Foster,lbaxter@example.net,2024-08-09
385,Wanda Smith,janetchandler@example.com,2023-10-02
386,Scott Bell,zwest@example.net,2024-04-24
387,James Rodriguez,oparker@example.net,2021-11-24
388,Jessica Reed,bberry@example.net,2023-04-18
389,Stephanie Grimes,wwilliams@example.org,2024-03-19
390,Tyler Garcia,gjohnson@example.org,2021-08-02
391,Amanda Lawson,sandyadams@example.net,2020-05-21
392,Karen Sherman,brenda70@example.net,2022-06-17
393,James Barnett,stevensummers@example.net,2022-07-19
394,Jeanne Howell,ruth58@example.net,2020-02-02
395,Jeffrey Phillips,lpace@example.com,2022-11-22
396,Gregory Fitzgerald,mvalencia@example.org,2022-07-27
397,David Olson,lydia16@example.com,2023-05-27
398,Colin Garner,matthewgarcia@example.org,2021-03-28
399,Amanda Henderson,nathan83@example.net,2020-09-23
400,Brian Reese,cmorse@example.com,2024-12-01
401,Dr. Stephen Martinez PhD,parkjavier@example.net,2023-09-12
402,Jared Baird,owensmichael@example.net,2022-11-25
403,Tracy Ibarra,shawnholmes@example.org,2022-06-07
404,Roy Sanchez,dpowers@example.com,2022-09-08
405,Emily Cervantes,hannahsnyder@example.com,2023-08-27
406,Jessica Jones,shawnhenry@example.com,2021-10-01
407,Joseph Jackson,amanda55@example.net,2024-07-29
408,Christine Anderson,hendersonjohn@example.com,2021-08-01
409,Michael Cochran,stanleykeith@example.net,2024-01-27
410,Jane Cain,masseymiguel@example.org,2024-07-22
411,Vanessa Thompson,heidi42@example.com,2020-07-24
412,Michael Steele,bakerdebbie@example.org,2020-03-12
413,John Clark,brandon23@example.com,2023-09-06
414,Denise Jackson,kerricross@example.org,2024-06-22
415,Daniel Smith,llowe@example.net,2021-08-28
416,Scott Johnson,ywilliams@example.org,2022-12-18
417,Joseph Davis,tlester@example.com,2021-10-01
418,Margaret Adams,smithnicholas@example.org,2020-12-20
419,Dylan Davis,murphyjonathan@example.net,2022-12-13
420,Julia Rivera,ramirezdanielle@example.net,2024-09-25
421,James Johnson,christinamclean@example.org,2023-07-15
422,Tiffany Gentry,samantha39@example.com,2020-07-24
423,Joshua Clements,williamsjacob@example.com,2023-08-14
424,Joshua Walsh,taylor01@example.com,2020-05-15
425,Ann Smith,wendy59@example.net,2020-06-23
426,Kevin Mccoy,taylorkatelyn@example.net,2023-08-04
427,Brandon Anderson,connor69@example.com,2023-09-03
428,Ann Bryant,robert29@example.net,2021-09-06
429,Molly Burke,thompsonjessica@example.net,2023-12-16
430,David Hernandez,thomas21@example.net,2024-09-15
431,Dana Morris,fergusonpaul@example.com,2024-03-21
432,Melissa Smith,yross@example.org,2023-03-30
433,Jeffrey Myers,parkerbrenda@example.com,2020-12-16
434,Tracy Martinez,katie80@example.com,2021-01-12
435,Christopher Fox,jorgeflores@example.org,2021-04-27
436,Rebecca Rodriguez,roselauren@example.com,2022-11-04
437,Melissa Martinez,jordanjennings@example.org,2020-02-23
438,Robert Cunningham,terrimarshall@example.net,2022-12-07
439,Jeffrey Chandler,sanchezdaniel@example.com,2024-08-03
440,Mark Lawrence,maria70@example.org,2021-09-05
441,Thomas Boyd,thomaswilliams@example.com,2024-11-24
442,Dr. William Wolfe DDS,tyler24@example.com,2021-10-02
443,Stephanie Patterson,youngdavid@example.org,2020-10-17
444,Teresa Davis DVM,janetyates@example.net,2020-08-26
445,Anthony Watson,jacquelineruiz@example.org,2022-09-17
446,Beth Martinez,vmedina@example.org,2023-06-29
447,Theresa Guerra,osaunders@example.org,2022-10-06
448,Heidi Carter,ryanbuck@example.org,2020-11-17
449,Michelle James,jrivera@example.net,2022-12-31
450,Lori Carlson,lynchkyle@example.com,2022-05-10
451,Jasmine Mckay,justinchristensen@example.org,2023-02-08
452,Shelia Brown,laurapeck@example.com,2024-04-30
453,Kristi Mayo,megan14@example.net,2021-06-12
454,Gloria Kim,kkelly@example.com,2023-03-28
455,Mary Miller,markcase@example.com,2022-06-23
456,Taylor Johnson,kristina71@example.com,2021-05-19
457,Jason Lara,whitedaniel@example.net,2024-09-04
458,Maria Casey,timothy71@example.net,2022-06-13
459,Jerry Hanson,brandy58@example.com,2022-07-23
460,William Terry,brownthomas@example.com,2022-02-12
461,Ronald Silva,mcdanieljohn@example.org,2022-08-05
462,Kelly Reynolds,kcooper@example.net,2022-09-21
463,Dawn Castillo,romerokristopher@example.org,2021-10-28
464,Jennifer Hernandez,kennethtownsend@example.org,2021-08-24
465,Gary Calderon,jamessloan@example.net,2021-11-09
466,Jennifer Landry,robertpierce@example.net,2020-09-23
467,Charles Miller,mary51@example.net,2023-11-16
468,Susan Morris,aliphilip@example.com,2020-03-18
469,Margaret Hopkins,shannon53@example.net,2023-09-04
470,Rebecca Evans,otorres@example.net,2023-07-12
471,Jeff Rivera,heatherayers@example.net,2020-08-30
472,Stacey Jones,paulstevens@example.org,2021-01-02
473,Donna Mitchell,melinda16@example.com,2023-04-14
474,Tim Johnson,mshannon@example.org,2023-03-26
475,Mr. Jonathan Jones,samantha73@example.com,2022-10-20
476,Hector Martinez,princerobert@example.org,2020-08-31
477,Michelle Anderson,snydereric@example.net,2020-07-31
478,Brooke Wright,jillian50@example.net,2020-05-06
479,Brooke Baker,cunninghamnancy@example.net,2021-09-17
480,Jason Scott,chambersdaniel@example.org,2022-12-23
481,Adriana Mcgee,ethompson@example.com,2022-12-17
482,Christopher Martin,kristenmarshall@example.com,2021-10-09
483,Gregory Brooks,victoriaperez@example.org,2023-09-13
484,Donna Cruz,ashley57@example.org,2020-11-12
485,Ashley Avery,cristinajones@example.net,2022-02-17
486,Jennifer Chavez,christopherjennings@example.org,2022-03-09
487,Jeremy Vasquez,james23@example.com,2020-10-15
488,William Stanton,jonathan89@example.com,2020-11-09
489,Kathleen Ward,tamara67@example.org,2024-07-06
490,Ashley Patterson,abigailperry@example.org,2024-09-12
491,Erik Durham,joshua43@example.net,2023-06-10
492,Jonathan Sanchez,fking@example.com,2024-02-09
493,Stephen Ramirez,parsonsgabrielle@example.net,2022-02-27
494,Roger Griffith,grantian@example.com,2024-09-07
495,Andrea Eaton,bkim@example.org,2021-05-26
496,John Grimes,greenetina@example.net,2022-01-09
497,James Gonzalez,youngtiffany@example.net,2024-01-27
498,Albert Hunt,megan85@example.org,2023-04-04
499,Megan Wells,heather20@example.org,2020-09-16
500,Tara Ryan,timothydavis@example.net,2022-10-23
501,Timothy Bates,fernandezjason@example.com,2021-12-22
502,Valerie Smith,brandonschultz@example.org,2023-01-07
503,Deborah Lewis MD,kcoleman@example.org,2022-01-21
504,Kimberly Jacobs,gregorymarquez@example.org,2023-03-09
505,Robert Harmon,matthewsingh@example.net,2024-07-25
506,Justin Todd,cartertodd@example.com,2021-02-22
507,Mary Olsen,mitchellgould@example.net,2023-07-03
508,Mary Owen,calvin81@example.com,2021-02-02
509,Tonya Dominguez,charleslambert@example.com,2021-07-07
510,Daniel Clark,mark42@example.org,2024-12-06
511,Robert Todd,hernandezjesus@example.com,2024-12-06
512,Linda Lawson,virginiahernandez@example.com,2023-12-14
513,Cathy Hodge,suzannecowan@example.net,2024-10-06
514,Dorothy Jackson,traceyrodriguez@example.com,2020-10-05
515,Chloe Martin,katelyn47@example.net,2021-12-25
516,Brittany Pruitt,fwade@example.com,2024-10-06
517,Denise Miller,denniscindy@example.org,2024-04-18
518,Jeffery Williams,christopher32@example.com,2024-03-20
519,April Fitzgerald,lisaescobar@example.org,2020-04-20
520,Micheal Cole,rebecca99@example.net,2023-09-23
521,Travis Shaw,elizabethortiz@example.net,2021-03-05
522,Andre Huynh,hshelton@example.com,2022-03-29
523,Carol Hoover,jamesbrown@example.net,2021-11-21
524,Mark Wilson,ericbeasley@example.net,2022-08-14
525,Daisy Wilson,vargasdominique@example.org,2021-07-22
526,Dustin Smith,qbarker@example.com,2024-05-05
527,James Gray,williamsdarlene@example.com,2020-08-30
528,William Ashley,geraldosborne@example.com,2023-10-16
529,Veronica Singh,robertbaker@example.org,2021-12-12
530,Nathaniel James,hvalencia@example.org,2024-04-14
531,Joseph Rangel,bcochran@example.com,2024-05-28
532,Ryan Anderson,alex17@example.org,2020-01-09
533,James Sullivan,alicia31@example.com,2020-10-25
534,Kim Walker,mcclainashley@example.org,2020-01-08
535,Kristi Watts,cespinoza@example.org,2021-03-30
536,Anthony Robles,aliciarivera@example.net,2024-10-26
537,Kenneth Todd,esanchez@example.net,2023-12-01
538,Destiny Martinez,ibeltran@example.net,2021-04-17
539,Bryan Shelton,psmith@example.com,2022-07-15
540,Erin Turner,kathleen50@example.org,2020-03-30
541,William Rivera,paulhicks@example.net,2021-11-02
542,Maurice Baker,robert14@example.com,2022-09-05
543,Tina Abbott,ogarcia@example.net,2022-06-14
544,John Dudley,shellymiller@example.org,2022-10-21
545,Grace Williams,oalvarado@example.net,2021-07-13
546,Richard Walker,oliverkenneth@example.net,2023-05-03
547,David Blair,jacksondaniel@example.net,2022-03-16
548,Amber Olson,mckinneymichael@example.net,2021-10-16
549,Kristine Marks,anthonybarrett@example.org,2021-03-01
550,Bridget Kelly,sarahliu@example.net,2021-08-21
551,Randy Tyler,garyhall@example.com,2022-03-11
552,Albert Weeks,barnesjohn@example.org,2022-04-04
553,Aaron Davis,lgalloway@example.com,2023-10-01
554,Sheila Mitchell,christineoconnell@example.net,2020-01-12
555,Billy Davis,shannonbaldwin@example.com,2024-11-14
556,Cynthia Whitney,stephenwerner@example.com,2022-09-18
557,Christopher Brown,xthomas@example.org,2022-04-01
558,Mr. Joshua Tran,amartin@example.org,2020-02-26
559,Robert Nelson,noblemelody@example.net,2020-07-28
560,Kyle Kim,john26@example.net,2020-06-23
561,Todd Conner,wwest@example.com,2023-01-19
562,Shannon Johnson,kaylee19@example.org,2024-01-08
563,Peter Martin,jonathan41@example.com,2023-10-15
564,Martha Cortez,hallmargaret@example.com,2023-12-14
565,Michael Patterson,sanchezhoward@example.com,2022-07-14
566,Brett Perry,ethomas@example.com,2024-05-31
567,Jesse Nguyen,anne08@example.com,2021-09-16
568,Deanna Garner,lindaking@example.net,2022-02-17
569,Jennifer Miranda,hmartinez@example.com,2024-06-08
570,Lisa Morrison,riveraerin@example.net,2022-01-11
571,Michael Kelly,justingibson@example.com,2022-09-09
572,Lisa Tate,floreswilliam@example.org,2022-07-18
573,Gene Duncan,smithnicole@example.com,2022-03-22
574,Pamela Sanchez,piercejohn@example.com,2024-09-16
575,James Dunn,brownkaren@example.com,2021-07-01
576,Lynn Garcia,ricky29@example.org,2022-05-29
577,Dale Tucker,barbara06@example.org,2022-07-14
578,Kristy Blair,elijah94@example.net,2021-03-28
579,Michelle Ali,raymond06@example.org,2024-01-06
580,Miss Julie Bell MD,rsmith@example.net,2020-12-20
581,Victoria Garrett,oaguilar@example.org,2021-11-25
582,Sarah Berry,michael60@example.net,2022-01-26
583,Yvonne Williams,jorge92@example.com,2023-05-30
584,Mia Campos MD,pricewilliam@example.net,2024-05-04
585,Sharon Carlson,amandaking@example.com,2021-12-03
586,Michelle Gill,danielmartinez@example.net,2021-07-17
587,Donna Munoz,aprilgilbert@example.com,2023-12-25
588,Jill Valdez,hoodashley@example.net,2020-07-31
589,Maria Greer,ryan32@example.org,2021-02-01
590,Tara Tyler,tracy01@example.org,2022-01-18
591,Nicole Mitchell,marcus56@example.net,2023-03-19
592,Shannon Bryant,eortiz@example.net,2023-06-30
593,Erin Cummings,gonzalezwilliam@example.org,2022-10-07
594,Robert Mcguire,wsanchez@example.org,2020-05-30
595,Roger Williams,larsenjeffrey@example.org,2021-06-29
596,Amy Wall,gferguson@example.org,2024-01-24
597,Michael Smith,mosleymichael@example.net,2022-09-16
598,Teresa Johnson,ashleysolomon@example.net,2021-01-15
599,Olivia Lee,adam84@example.com,2022-02-03
600,James Rodriguez,sophia35@example.net,2023-03-28
601,Bryan Smith,tiffanyandrews@example.net,2021-05-06
602,Sarah Watts,julian51@example.org,2023-01-10
603,Carlos Payne,sriddle@example.org,2023-05-09
604,Adrian Jones,randy45@example.net,2022-04-21
605,Dana Sanchez,jeannegrant@example.com,2023-09-25
606,Jennifer Reyes,fingram@example.com,2024-01-16
607,Lacey Conner,hernandezian@example.org,2022-03-15
608,Carl Sawyer,glenn37@example.org,2023-03-06
609,Julie Cobb,tammyperez@example.com,2021-02-09
610,John Garcia,marcus71@example.net,2020-02-08
611,Robert Harris,jdelgado@example.net,2021-02-10
612,Jerry Miles,skinnerlaura@example.com,2021-05-10
613,Tammy Mason,lauraclark@example.org,2021-10-27
614,Miss Kimberly Ross,brownheather@example.org,2024-03-27
615,Kathleen Meyers,joshuajenkins@example.com,2020-09-22
616,Alex Barnes,sharon57@example.org,2024-06-09
617,Todd Ellis DDS,dustin23@example.net,2021-12-01
618,Stephanie Parks,rachelkim@example.com,2023-10-14
619,Gregory Flores,villarrealkimberly@example.net,2023-07-10
620,Mike Shea,jared17@example.org,2021-07-06
621,Mindy Smith,smoreno@example.org,2022-10-22
622,Brenda Woods,rachelbrooks@example.org,2021-12-25
623,Amy Davis,karenjohnson@example.net,2021-05-06
624,Ashley Woodard,gardneranthony@example.org,2022-09-21
625,Michael Stevenson,sarahwilliams@example.com,2020-05-08
626,Dylan Lee,williamanderson@example.net,2021-03-18
627,Adrian Silva,grahamcarmen@example.org,2022-01-14
628,Frances Fuentes,erica12@example.org,2020-02-11
629,Michael Strickland,gardnerjoshua@example.org,2020-09-15
630,Kenneth Wilkinson,mbradley@example.net,2020-10-14
631,Madison Rogers,cherylvasquez@example.org,2020-11-28
632,Melanie Greer,bobby52@example.com,2023-04-27
633,Jamie Stewart,harrellsteven@example.com,2022-06-13
634,Ryan Campos,alyssa19@example.org,2023-05-14
635,Mr. Thomas Byrd Jr.,rodriguezbrittney@example.net,2023-01-24
636,Tina Barrett,butlerdavid@example.org,2022-05-09
637,Megan Phillips,fpeterson@example.com,2021-01-17
638,Jenna Fowler,flambert@example.org,2020-06-17
639,Heather Johns,ethanperry@example.net,2023-07-26
640,Thomas Woodward,carterstuart@example.org,2024-01-28
641,Chelsea Baker,ubell@example.net,2022-05-20
642,Cameron Garcia,anthony98@example.com,2020-05-15
643,Collin Howard,john01@example.com,2022-12-31
644,Erika Parker,margaretreed@example.net,2021-02-07
645,Dr. Erica Garcia,garciadaniel@example.com,2020-11-21
646,Douglas Schmidt,laura39@example.net,2023-08-12
647,Edward Lopez,wujames@example.net,2021-08-05
648,Kim Reed,schultzmary@example.com,2023-07-09
649,Thomas Phillips,dustin66@example.org,2024-05-10
650,Annette Burns,mclaughlindesiree@example.net,2020-06-06
651,Vincent Frye,michaelmoore@example.com,2021-11-17
652,Jennifer Donovan,donna02@example.com,2022-11-17
653,Richard Burgess,sandrawhitaker@example.org,2024-03-12
654,John Church,hallnicole@example.net,2020-06-26
655,Brent Miller,eringraves@example.com,2020-10-08
656,Robert Bruce,cheyenne54@example.org,2020-11-19
657,Brianna Walters,pamelawilliams@example.com,2024-11-29
658,Joseph Colon,chill@example.com,2022-09-30
659,Mrs. Kayla Conway,brett78@example.net,2024-04-03
660,Christopher Dean,maureenreyes@example.org,2021-02-05
661,Sharon Cruz,elizabeth98@example.org,2022-11-11
662,Donna Hull,lozanostephanie@example.org,2020-12-18
663,Whitney Miller,theresa61@example.org,2024-02-26
664,Katrina Cohen,davispamela@example.org,2022-01-08
665,Jessica Olson DDS,david60@example.com,2022-05-29
666,Lisa Roberson,robert83@example.net,2021-05-13
667,Amber Fuentes,carpenteralex@example.com,2024-01-31
668,Maria Mitchell,nicolas76@example.org,2024-08-25
669,Jacob Moreno,choward@example.com,2022-03-15
670,Dana Meyer,candicejohnson@example.com,2023-12-21
671,Jacqueline Freeman,vsheppard@example.net,2021-02-03
672,Denise Cannon,qbailey@example.org,2021-06-22
673,Brandy Hughes,pperkins@example.net,2022-10-22
674,Rebecca Long,brewertammie@example.net,2024-04-11
675,Daniel Shea,annawalker@example.org,2021-02-16
676,Kenneth Rodriguez,fyoung@example.com,2020-03-27
677,Gary Collins,alexandra44@example.org,2020-08-12
678,Amanda Simmons,escobarcynthia@example.com,2021-05-31
679,Ms. Brenda Wright DDS,colemancheryl@example.net,2022-05-27
680,Rebecca Hawkins,michael18@example.net,2021-04-10
681,Jennifer Jones,markgonzalez@example.net,2021-02-24
682,Bryan Sanchez,racheljohnson@example.com,2021-03-09
683,Evan Cobb,nvalentine@example.org,2023-11-20
684,Jeanne Barajas,autumn52@example.org,2020-09-21
685,Andrew Jimenez,hannahwest@example.net,2024-08-05
686,Yesenia Moses,victoriasingleton@example.net,2024-03-25
687,Amber Vance,thorntonian@example.org,2023-04-11
688,Richard Hubbard,bethberg@example.org,2020-12-08
689,Jacob Branch,robert30@example.net,2022-12-27
690,Angela Pierce,ymorales@example.net,2022-12-27
691,Allison Reed,ekaufman@example.net,2024-08-09
692,James Morales,eolson@example.com,2024-09-06
693,Lisa West,vross@example.org,2022-08-19
694,Teresa Contreras,kstephens@example.com,2024-01-15
695,Jennifer House,jonathantate@example.net,2024-06-10
696,Kristen White,seanprice@example.com,2020-12-13
697,Jennifer Moreno,kathryn56@example.net,2020-06-05
698,Courtney Jones,jonathannielsen@example.org,2022-08-17
699,Wanda Willis,gregoryhorton@example.com,2022-06-23
700,Patricia Gonzalez,pierceapril@example.org,2020-10-24
701,David Davis,ngrimes@example.org,2023-06-13
702,Susan Mahoney,lopezdaniel@example.org,2024-04-06
703,Kathleen Wilson,colleenmayer@example.com,2024-10-31
704,Katherine Summers,devingraham@example.com,2020-11-20
705,Katie Barron,qjimenez@example.com,2023-12-30
706,Charles Smith,theresa45@example.com,2023-03-31
707,Beth Salinas,sarahcannon@example.org,2022-01-02
708,Latoya Marsh,rebeccafritz@example.net,2021-06-22
709,Madison Kennedy,vkim@example.com,2020-02-22
710,Sarah Glass,karen49@example.net,2023-05-07
711,Corey Lowery,castroadam@example.net,2022-08-08
712,Susan Fields,joshuamccarthy@example.net,2022-04-14
713,Ashley Green,phillipstyler@example.com,2021-03-17
714,Christopher Johnson,katrina22@example.net,2022-06-21
715,Sydney King,twiggins@example.org,2024-02-03
716,Matthew Petersen,uperez@example.org,2022-09-16
717,Melissa Keith,kyoung@example.com,2022-01-21
718,Joseph Ramirez,dbrown@example.net,2022-03-15
719,Richard Bautista,pamela98@example.org,2022-12-22
720,Felicia Lawson,danielford@example.com,2024-09-05
721,Amanda Rios,clarkmatthew@example.com,2020-08-01
722,Patrick Murphy,james71@example.org,2023-10-06
723,Joshua Bryan,spearschristina@example.com,2020-04-10
724,Shawn Martinez,joseph51@example.com,2023-11-17
725,Shannon Werner,townsendstacie@example.org,2022-06-11
726,Kaitlin Barry,larsenanna@example.net,2021-12-29
727,Justin Harrison,glee@example.net,2020-04-19
728,James Chaney,knappryan@example.org,2023-01-17
729,Nicholas Weber,nward@example.net,2020-12-30
730,Benjamin Hall,marybowman@example.org,2023-11-08
731,Jennifer Durham,michaelataylor@example.org,2023-07-19
732,Robert Williams,samuelparsons@example.net,2023-03-18
733,Lisa Harper,michelle38@example.net,2020-01-28
734,Bradley Hayes,samantha86@example.org,2022-02-23
735,Mrs. Karen Crawford DDS,jeremyramos@example.com,2023-10-20
736,Joe Obrien,abbottaaron@example.net,2024-06-24
737,Thomas Lambert,astokes@example.com,2021-10-23
738,James Nelson,rhondalindsey@example.org,2020-12-07
739,Donald Barber,michelle61@example.com,2023-02-01
740,Mrs. Hannah Terry PhD,lynnwilliams@example.net,2024-10-12
741,Patricia Turner,wilsonpeter@example.org,2024-05-06
742,Alexandra Carlson,yatesrose@example.net,2023-08-25
743,William Rose,xmorgan@example.org,2020-06-11
744,Kathleen Oneill,rachelhernandez@example.org,2022-04-05
745,Amanda Harper,howardtimothy@example.net,2022-07-09
746,Carolyn Clay,andersennicole@example.net,2024-01-13
747,Sabrina Phillips,lgonzalez@example.net,2021-10-24
748,Michael Garcia,emayo@example.net,2024-08-11
749,Brandon Choi,fgarcia@example.com,2024-10-14
750,William Horn,efletcher@example.net,2020-12-20
751,Brooke Hamilton,bryantbrian@example.com,2021-08-10
752,Donald White,rodriguezsarah@example.com,2024-12-06
753,Andrew Wilson,mcdonaldjoseph@example.net,2023-12-12
754,April Watts,boydloretta@example.com,2020-05-16
755,Scott Barnett,thomasmartinez@example.org,2023-11-17
756,Tammy Miller,davidmills@example.com,2020-06-24
757,Katrina Burton,heathermorris@example.com,2020-10-01
758,Caroline Ortiz,lesterdebra@example.net,2023-12-29
759,Ryan Reynolds,oscar31@example.com,2022-11-12
760,John Lloyd,vmunoz@example.org,2021-06-14
761,Gregory Mathis,richardberry@example.com,2021-05-18
762,Alison Martin,joshua97@example.net,2024-01-07
763,Amy Maynard,robertlindsey@example.org,2021-03-13
764,Mrs. Suzanne Moran,jweaver@example.org,2023-03-22
765,Michael Mahoney,clee@example.com,2022-12-17
766,Blake Williamson,phillip35@example.org,2021-04-03
767,Jamie Navarro,ryan52@example.com,2021-09-22
768,Sean Murray,jeremybradley@example.org,2020-06-18
769,William Foster,qmoon@example.org,2020-06-29
770,Michael Wolf,jrichardson@example.com,2024-05-08
771,John Todd,hesterseth@example.org,2023-03-21
772,Justin Howard,burnsrobert@example.org,2023-06-23
773,Carol Flores,jessica07@example.net,2021-02-09
774,Ryan Baker,framirez@example.net,2022-09-23
775,Courtney Hall,rogertravis@example.org,2022-08-03
776,Crystal Reyes,cooperamanda@example.com,2022-09-28
777,Joseph Beasley,lovechristina@example.net,2020-08-18
778,Kathleen Drake,smithmary@example.com,2020-02-15
779,Peter Davis,stephendiaz@example.org,2023-02-20
780,Danielle Robertson,robertsjoseph@example.com,2023-08-12
781,Mr. Patrick Morales,bellmichael@example.org,2022-03-01
782,Bruce Jackson,jennifer48@example.net,2020-04-28
783,Kevin Bailey,qdouglas@example.net,2024-01-03
784,Patrick Houston,msoto@example.net,2020-04-09
785,Alan Williams,cflores@example.org,2022-05-03
786,Sarah Stanley,rogerfloyd@example.net,2023-06-06
787,Daniel Fuller,benjaminbarnes@example.org,2022-03-29
788,Elizabeth Stewart,charles04@example.net,2020-04-26
789,Bruce Robinson,mcdonaldtammie@example.net,2023-07-14
790,Julie Davis,wmorales@example.com,2022-10-23
791,Kelly Montes,abrown@example.org,2021-09-22
792,Wesley Fry,michaelalvarez@example.org,2022-08-21
793,Travis Martin,boonebrian@example.com,2021-12-20
794,Richard Rocha,spencersarah@example.com,2023-12-05
795,Lori Green,kelseytaylor@example.net,2020-11-12
796,Rachel Fox,patrick34@example.net,2022-06-18
797,Tom Macdonald,westjudith@example.net,2023-04-04
798,Vincent Lee,angela66@example.org,2024-03-24
799,Jesse Richardson,allen65@example.net,2024-01-15
800,Eric Decker,sharonking@example.org,2022-12-20
801,Martin Jones,christy76@example.org,2022-12-24
802,Jasmin Williams,kellygonzalez@example.com,2020-11-25
803,Vickie Le,inichols@example.net,2022-12-16
804,Michael Jordan,thomas44@example.com,2024-12-04
805,Amy Martinez,kingscott@example.com,2021-05-03
806,Angela Carlson,cynthiamcclure@example.org,2021-01-15
807,Kathleen Chan,lorettahudson@example.org,2020-06-30
808,David Peters,tabithaolsen@example.org,2021-06-26
809,Tara Mcdonald,smarquez@example.com,2022-09-28
810,Deborah Lawrence,krista90@example.org,2022-07-23
811,Joshua Jones,stevenwhitney@example.org,2022-04-18
812,Erica Larsen,stephaniehill@example.com,2020-08-19
813,Louis Peterson,cfrancis@example.com,2020-02-14
814,Susan Thompson,ppeterson@example.com,2020-11-19
815,Samantha Ward,gibbsmelissa@example.org,2023-10-27
816,Victor Jackson,zhall@example.net,2024-04-01
817,Mr. Robert Mason,james10@example.org,2023-03-09
818,Dr. Rebecca Dillon,floresmichelle@example.net,2024-05-02
819,Mr. Richard Anderson,elopez@example.org,2024-04-03
820,Lisa Campos,cassandra70@example.org,2023-11-04
821,Nicholas Barnes,patrickbowers@example.com,2024-05-11
822,Curtis Hubbard,oscarbutler@example.org,2023-01-26
823,Angela Baker,jeffreymaddox@example.net,2021-07-08
824,Travis Zamora,ellisjohn@example.org,2022-10-20
825,Vincent Wood,katie88@example.org,2022-09-27
826,Jared Daniel,melissaclarke@example.net,2022-09-06
827,Gary Anderson,john11@example.org,2024-03-03
828,Jennifer Bates,martha84@example.com,2022-08-02
829,Jason Garcia,ramirezgina@example.net,2021-05-20
830,Thomas Atkinson,kylemoore@example.net,2020-10-14
831,Regina Hubbard,rebecca03@example.com,2024-06-09
832,Kelly Richard,amandadelgado@example.com,2020-02-01
833,Aaron Oconnor,jessicalee@example.org,2024-07-15
834,Wendy Ford,christina41@example.net,2020-11-04
835,Terri Williams,donnastafford@example.net,2020-01-06
836,Teresa Velasquez,jonesmonica@example.org,2023-03-10
837,Molly Pacheco,nicholas90@example.org,2024-09-27
838,Michael Greene,baileynicole@example.net,2023-07-16
839,Tiffany Leon,ramirezedward@example.org,2023-01-27
840,Vincent Zamora,xavier94@example.org,2022-09-22
841,Cynthia Hayes,longjackie@example.com,2022-01-13
842,Stephanie Evans,johngray@example.org,2023-08-07
843,Vanessa Graham,marywhite@example.com,2024-05-18
844,Susan Williams,margaret98@example.net,2023-04-13
845,Kimberly Brown,dunndavid@example.net,2020-09-07
846,Daniel Adams,xmcconnell@example.com,2020-11-26
847,Jesse Richardson,tacevedo@example.net,2022-05-15
848,Rachel Jordan,tara47@example.net,2021-03-21
849,Mr. Daniel Meza,charles38@example.org,2020-06-01
850,Anthony Avery,ddunn@example.org,2024-05-10
851,Brandon Thomas,kennetholson@example.com,2022-12-15
852,Kevin Kim,david40@example.com,2024-04-12
853,Neil May,lroberts@example.com,2023-02-12
854,Michael Dunlap,kelly06@example.com,2020-08-29
855,Laura Reynolds,matthew16@example.net,2024-07-03
856,Jennifer Montoya,kevintaylor@example.net,2022-02-22
857,Dominique Brown,bmartin@example.com,2024-03-19
858,Kristy Morgan MD,laura79@example.com,2023-05-02
859,Ana Reese,brianna08@example.com,2021-11-19
860,Miss Amber Tyler PhD,angelachavez@example.com,2020-06-06
861,David Mahoney,chapmandavid@example.net,2024-08-09
862,Steven Fuentes,david83@example.net,2023-04-04
863,Kim Bishop,kendramartinez@example.com,2020-01-16
864,Crystal Perry,stephanie79@example.com,2021-05-31
865,Jeffrey Dyer,edward90@example.net,2024-09-30
866,Brian Lee,uwalton@example.com,2022-07-13
867,Benjamin Foster,xmejia@example.com,2021-06-10
868,Lisa Morales,martinkathleen@example.com,2021-10-11
869,Daniel Gray,dstein@example.com,2024-01-18
870,Janet Trevino,emily02@example.com,2021-09-08
871,Jessica Paul,qpittman@example.net,2022-04-12
872,Jesse Alexander,kathleen61@example.net,2024-11-03
873,Dennis Bauer,jenniferjohnson@example.org,2023-03-26
874,Zoe Savage,brian71@example.org,2023-04-24
875,Katherine Baldwin,evan28@example.org,2021-03-17
876,William Richard,bakerdestiny@example.org,2024-08-21
877,Jennifer Smith,hansonelizabeth@example.com,2022-06-25
878,Dustin Butler,masondeborah@example.com,2021-02-15
879,Brianna Wilson,zrobinson@example.com,2024-08-31
880,Erin Nelson,brendaaguilar@example.net,2022-09-25
881,Andrea Martinez,brian81@example.com,2023-01-21
882,David Johnson,housegregory@example.org,2020-07-12
883,Nathaniel Lewis,josewaters@example.org,2021-01-22
884,John Hernandez,mclayton@example.net,2023-02-18
885,Gabriel Reynolds,mdiaz@example.com,2023-06-24
886,Deanna Vazquez,hhamilton@example.org,2020-11-06
887,Jaclyn Petersen,donna55@example.com,2021-10-29
888,Glenn Kirby,alice28@example.com,2021-02-17
889,Nicholas Andrews,emilyhuerta@example.com,2022-03-08
890,Jason Wood,kevindavis@example.org,2024-05-05
891,Samantha Stewart,smithtracy@example.net,2024-07-23
892,Daniel Hogan,fmartinez@example.com,2020-03-21
893,Lucas Parrish,cbarber@example.org,2024-05-31
894,Daniel Simmons,etrujillo@example.com,2020-04-14
895,Sabrina Henderson,carlwatson@example.net,2021-02-09
896,Jeremy Chavez,ismith@example.net,2020-09-09
897,Tina Jones,diane77@example.com,2023-04-07
898,Amanda Duncan,evan82@example.com,2022-11-14
899,Joanne Johnson,smithsarah@example.org,2024-07-07
900,Stephen Davis,smithmartha@example.net,2021-06-17
901,Alex Galvan,caitlin25@example.com,2024-02-05
902,Miss Sandra Foster,phoward@example.net,2021-05-28
903,Kathleen Wood,smartinez@example.net,2022-04-16
904,Jose Whitney,lbruce@example.org,2021-05-04
905,Kim Pitts,owise@example.com,2020-07-23
906,Jennifer Mcintosh,knightalexis@example.com,2021-04-02
907,Julie Randall,harry15@example.org,2021-04-07
908,Philip Graham,jconway@example.org,2024-02-15
909,Colin Delgado,leonardsherri@example.com,2024-04-12
910,Joseph Nelson,twilliams@example.com,2020-01-04
911,Albert Howe,tedwards@example.com,2020-08-28
912,Sara Phillips,ralvarado@example.com,2023-04-03
913,Laura Novak,ydecker@example.org,2022-05-31
914,Carrie Mason,fbush@example.com,2020-06-01
915,Heather Todd,tylerwilson@example.org,2020-03-03
916,Joseph Landry,desireeanderson@example.com,2022-03-21
917,Matthew Foley DDS,andrebranch@example.org,2023-10-17
918,Valerie Mendoza,espinozamichelle@example.org,2021-02-09
919,Wendy Gonzalez,baxterlaura@example.net,2023-01-04
920,Robert Nash,wrightmia@example.org,2022-10-25
921,Robert Foster,sherri36@example.org,2022-04-21
922,Heather Jackson,pyoung@example.org,2024-09-22
923,Stephanie Watson,stacywatson@example.org,2023-10-14
924,Jacob Williams,lauriepatel@example.org,2020-04-22
925,Thomas Case,harriskerry@example.com,2022-07-19
926,Evan Anderson,jefferyabbott@example.net,2022-02-18
927,Amanda Perkins,gallagherbradley@example.net,2021-06-20
928,Mr. Billy Parsons IV,garciadwayne@example.org,2024-01-06
929,John Larsen,prodgers@example.com,2023-07-02
930,Bonnie Brown,bmason@example.net,2020-09-24
931,Angela Johnson,colebrandi@example.org,2020-06-24
932,Terry Hernandez,hhunt@example.com,2022-10-11
933,Kyle Ibarra,doyleamanda@example.net,2024-06-28
934,Ashley Wade,halljustin@example.com,2024-08-17
935,Aaron Smith,matthewburns@example.com,2024-05-08
936,Cindy Weaver,anna06@example.org,2021-04-29
937,Christian Delacruz,russellcharlene@example.net,2020-10-15
938,Eric Jones,robincarter@example.com,2023-05-03
939,Morgan Barr,john98@example.com,2022-10-22
940,Ryan Pugh,cwood@example.net,2023-05-10
941,Christine Jones,lwilliamson@example.com,2023-09-08
942,Jessica Jones,noblejasmine@example.com,2024-03-21
943,Allison Parker,scampbell@example.net,2021-12-15
944,Richard Taylor,alfredjohnson@example.org,2024-06-25
945,James Norman,judith36@example.com,2021-03-23
946,Brandi Young,griffindale@example.org,2024-03-02
947,Amy Escobar,daniel48@example.com,2021-08-11
948,Briana Fitzpatrick,barromar@example.com,2021-05-29
949,Cody Sexton,brent08@example.net,2022-08-04
950,Edwin Johnson,edwardharris@example.net,2021-12-04
951,Benjamin Scott,sara80@example.com,2023-09-17
952,Kelly Stevens,jimmy08@example.net,2020-02-10
953,Jacqueline Hansen,rsmith@example.com,2022-07-21
954,Kathleen Fischer,enelson@example.com,2021-03-29
955,Dr. Andrea Campbell,janet95@example.org,2020-06-24
956,Tammy King,reyesbryan@example.org,2023-09-11
957,Wendy Thomas,edwardserica@example.com,2021-06-01
958,Richard Bailey,nicoleolsen@example.com,2022-12-24
959,Candace Ortiz,brownsandra@example.net,2021-10-05
960,Kevin Fisher,christinagregory@example.org,2022-01-23
961,Frank Robbins,vazquezlee@example.net,2024-06-20
962,Lindsey Perez,heather76@example.org,2020-06-09
963,Jenna Holmes,karenpaul@example.com,2024-07-08
964,Dustin Wood,simpsonkrista@example.org,2024-09-30
965,Steve Nguyen,jonessamantha@example.net,2023-10-03
966,Cody Moore,dawnfuller@example.com,2024-09-23
967,Hector Thompson,jonathanhanson@example.net,2020-07-29
968,Belinda Cole,mark32@example.org,2023-12-16
969,Tracy Wilcox,david50@example.com,2022-04-29
970,Melissa Jones,hamiltonian@example.net,2022-08-19
971,Susan Love,marthavasquez@example.net,2021-07-16
972,John Reyes,higginselizabeth@example.net,2022-01-02
973,Daniel Bishop,taylor55@example.net,2023-03-27
974,Michael Woodward,nicolecase@example.net,2022-10-31
975,Cathy Leon,theresa10@example.com,2024-05-17
976,Kelsey Watson,lesliemartinez@example.com,2021-12-19
977,James Morrow,edward58@example.net,2020-05-25
978,Amanda Williams,wmcintosh@example.net,2022-05-23
979,Cathy Tucker,rburke@example.net,2020-11-15
980,Timothy Ferguson,cynthiabennett@example.org,2024-11-06
981,Gabriela Flores,mstewart@example.org,2020-09-03
982,Kathleen Mckee,wmunoz@example.com,2020-11-03
983,Anthony Clark,chasevega@example.org,2022-11-15
984,Scott Johnson,zsherman@example.org,2022-10-29
985,James Butler DVM,denise17@example.com,2023-06-23
986,Ronnie Alexander,hunterpaula@example.net,2020-10-21
987,Michelle Mitchell,darlenealexander@example.com,2022-01-23
988,Robert Harris,wardalexandra@example.net,2024-10-14
989,Donald Cook,adam34@example.net,2023-02-24
990,Ashley Moore,larry05@example.net,2024-01-30
991,Christopher Mack,stonemichael@example.org,2024-11-04
992,Mark Harper,rebeccahunter@example.com,2020-06-25
993,Laura Garcia,umunoz@example.org,2020-02-28
994,Jessica Williams,matthew48@example.org,2022-12-29
995,Lorraine Mathis,smithkristen@example.net,2020-11-07
996,Jennifer Rogers,annette52@example.com,2020-12-16
997,Stephanie White,flynch@example.org,2021-01-24
998,Ashley Willis,mscott@example.org,2022-07-30
999,Justin Wheeler,russell24@example.com,2024-06-20
1000,Michael Perry,andreaschultz@example.com,2023-01-20
1001,Tiffany Davis,jennifercastaneda@example.com,2022-09-07
1002,Lauren Roberts,amandamiller@example.com,2020-09-18
1003,Joanna Herman,henrykaren@example.com,2021-11-21
1004,Thomas Vasquez,perezdiane@example.com,2020-01-01
1005,Kristen Cain,sheryl48@example.org,2021-11-11
1006,Veronica Terry,barbara14@example.net,2023-02-26
1007,Daniel Chase Jr.,bwalker@example.net,2020-05-05
1008,Virginia Patel,philip17@example.org,2022-05-04
1009,Francisco Wright,hlee@example.net,2020-03-13
1010,Becky Smith,berrygina@example.net,2022-08-10
1011,Roger Colon,rodriguezcharles@example.org,2021-06-03
1012,Lori Myers,bsullivan@example.com,2022-03-06
1013,Carl Hoffman,lucas19@example.org,2022-08-04
1014,Steven Fisher,wlopez@example.org,2022-01-22
1015,Chelsea Wilson,cristianadams@example.net,2022-04-03
1016,Brandon Stewart,jamesbailey@example.org,2024-03-11
1017,Tina Navarro,manuel66@example.org,2021-04-15
1018,Todd Fitzpatrick,revans@example.org,2023-12-02
1019,Brianna Lloyd,jennifersmith@example.org,2022-09-09
1020,Autumn Monroe,kristinsimpson@example.org,2021-06-01
1021,Jessica Johnson,ashleyedwards@example.net,2022-02-24
1022,John Zimmerman,nryan@example.com,2023-01-21
1023,Alex Cervantes,melaniemaldonado@example.org,2022-09-25
1024,Kaylee Velez,whitejonathan@example.org,2023-08-19
1025,Monica Olson,melindamatthews@example.org,2020-03-01
1026,Michael Jimenez,coreypatton@example.com,2021-04-11
1027,Jessica Reed,omorgan@example.org,2022-01-03
1028,Melissa Tate,navarrojacob@example.net,2023-07-15
1029,Michelle Perry,mackrobin@example.com,2023-10-28
1030,Terri Myers,jessica05@example.com,2023-05-26
1031,Timothy Barrett,janemiller@example.net,2021-05-17
1032,Sarah Richardson,kayla48@example.net,2023-08-07
1033,David Greene,colemanjason@example.net,2022-07-07
1034,Colleen Hart,joycederrick@example.com,2020-03-08
1035,Madison Valdez,qmercado@example.net,2022-09-16
1036,Jennifer Cervantes,christopherhill@example.org,2023-05-26
1037,William Blair,alishahill@example.com,2024-03-31
1038,Caitlyn Kelly,langadrian@example.net,2023-08-07
1039,Austin Stewart,ywalker@example.net,2024-05-08
1040,Joseph Crane,dhall@example.net,2022-09-10
1041,Jeremy Lee,bryan75@example.org,2022-05-04
1042,Robert Powell,richardbrown@example.net,2022-03-26
1043,Joshua Blackburn,paigegates@example.com,2020-02-29
1044,Jeremiah Richardson,ashley61@example.net,2020-11-19
1045,Michele Walton,tarabaxter@example.org,2021-02-16
1046,Spencer Ray,foxjeremy@example.com,2021-10-09
1047,Michelle Rojas,zbutler@example.org,2022-10-28
1048,Mary Taylor,wendy47@example.net,2022-09-15
1049,Wesley Cobb,tcarroll@example.com,2022-10-14
1050,Connie Stewart,wcowan@example.net,2022-04-06
1051,Nicole Macias,vlawrence@example.org,2022-07-27
1052,Jonathan Bell,frankanderson@example.net,2020-07-14
1053,Kevin Watkins,christian50@example.net,2021-12-10
1054,Amy Gilmore,jenniferdyer@example.org,2020-04-12
1055,Lisa Roberts,lfreeman@example.org,2020-08-26
1056,Gary Martin,matthewpierce@example.com,2021-09-29
1057,Rebecca Cook,melissaking@example.com,2022-04-06
1058,Jerry Levine,kevin08@example.com,2020-02-20
1059,Monica Williams,reynoldschris@example.org,2022-12-17
1060,Taylor Rich,frederick91@example.com,2020-03-29
1061,Raymond Hall,stephanie89@example.com,2021-11-21
1062,Robin Mathews,johnaustin@example.com,2021-12-04
1063,Matthew Harmon,christopher36@example.com,2024-11-24
1064,James Cochran,hstewart@example.org,2020-09-14
1065,Jeanette Brooks,tracie55@example.net,2024-04-19
1066,Deborah Watts,gbrown@example.net,2023-03-29
1067,Briana Patel,hwilson@example.net,2022-06-04
1068,David Davidson,smithspencer@example.org,2022-08-11
1069,George Jones,djones@example.net,2024-07-20
1070,Gregory Lewis,zromero@example.net,2022-08-02
1071,Allison Bowman,foxkimberly@example.org,2022-05-15
1072,Joann Patel,paul06@example.org,2024-09-16
1073,Sheri Green,jacobgonzales@example.com,2022-05-22
1074,Laura Bryant,bethjordan@example.com,2022-10-14
1075,Julie Graves,yoconnor@example.net,2021-02-27
1076,Shane Mccoy,jjohnson@example.net,2023-09-22
1077,Holly Murphy,vazqueznathaniel@example.net,2024-05-27
1078,Robin Thompson,ewade@example.com,2023-12-23
1079,David Hoffman,drollins@example.net,2020-11-21
1080,Kathleen Johnston,nathaniel11@example.org,2022-11-10
1081,Jason Buckley,kimberly80@example.org,2020-10-12
1082,Karen Johnson,brianlee@example.com,2024-08-18
1083,Mr. Allen Knight,brianrussell@example.net,2022-11-24
1084,Sherry Boyer,igutierrez@example.org,2022-01-14
1085,Kathleen Hanson,joshuaguerra@example.net,2022-06-23
1086,Joe Chavez,timothy04@example.com,2022-07-07
1087,Daniel Matthews,latasha73@example.com,2024-12-01
1088,Cynthia Valdez,williamsalexander@example.net,2020-12-23
1089,Mark Barrett,ricky76@example.com,2020-04-30
1090,Dawn Quinn,erin13@example.org,2020-03-05
1091,Cynthia Estrada,davislaura@example.com,2021-12-26
1092,Robert Smith,udavis@example.com,2024-08-16
1093,Daniel Young,smann@example.com,2021-12-22
1094,Michael Hendricks,lwalsh@example.org,2020-07-05
1095,George Clayton,anthonyreed@example.org,2022-07-01
1096,Heather Rodriguez,kelly29@example.org,2020-03-07
1097,Yvonne Ferguson,ashley56@example.com,2021-04-16
1098,Kathleen Gutierrez,ibell@example.com,2022-06-12
1099,Andrea Roberts,pmoore@example.org,2023-05-10
1100,Casey Gordon,fisherjason@example.net,2021-04-28
1101,Bryan Goodwin,marysmith@example.net,2022-11-20
1102,Robert Dunn,qsteele@example.net,2023-06-09
1103,Leah Bryant,zstephens@example.com,2020-06-11
1104,Denise Taylor,adam99@example.com,2020-08-25
1105,Curtis Burch II,ochoasandra@example.com,2023-11-09
1106,Sara Howell,castillocarrie@example.net,2021-02-02
1107,Maurice Schwartz,andersontara@example.net,2024-07-12
1108,Thomas Griffin,huntercooper@example.com,2023-01-19
1109,Tracy Hanna,lmills@example.org,2020-11-23
1110,Cynthia Cain,ithomas@example.com,2021-10-05
1111,Jeffrey Mendez,egreen@example.com,2022-06-30
1112,Susan Johnson DDS,jfleming@example.com,2024-06-23
1113,Joseph Taylor,derekrice@example.org,2024-08-25
1114,Ryan Anderson,nmcdonald@example.org,2023-11-06
1115,Katherine Chapman,harrisonkelsey@example.com,2024-02-24
1116,Keith Day,christine36@example.com,2022-03-31
1117,Gary Bryan DDS,julie07@example.org,2020-02-05
1118,Edward Bradford,wjones@example.org,2024-07-30
1119,Michael Adams,karacastro@example.org,2020-04-15
1120,Andrew Wang,adam04@example.net,2021-08-20
1121,Michael Franklin,caitlin78@example.org,2023-12-14
1122,Amber Lawrence,johnmyers@example.org,2024-06-03
1123,John Miller,frederickchristopher@example.net,2022-12-15
1124,Lori Smith,wangjustin@example.net,2023-03-20
1125,Johnny Giles,leonard57@example.org,2020-06-15
1126,Stephen Fowler,natalie64@example.com,2021-05-10
1127,Mrs. Meagan Stanley,carterkatie@example.com,2020-04-21
1128,Brittney Cherry,gibsonjoseph@example.org,2023-10-21
1129,Courtney Everett,stephenschneider@example.com,2021-12-18
1130,Molly Vargas,jessica46@example.com,2020-01-19
1131,Bruce Hudson,vrichards@example.com,2024-01-05
1132,Rebecca Scott,jacobvaughn@example.net,2020-07-08
1133,Andrew Martin,richardjohnson@example.org,2024-09-28
1134,Rebecca Hines,vgraham@example.net,2024-04-17
1135,Heidi Wolfe,cblack@example.org,2022-01-05
1136,Elizabeth Murphy,zhernandez@example.net,2020-08-23
1137,Mrs. Desiree Cooley,ashleyhart@example.org,2021-02-26
1138,Rachel Anderson,frazierjared@example.org,2020-12-17
1139,Julie Carrillo,monica84@example.org,2023-10-15
1140,Brian Lewis,davidhines@example.com,2023-12-09
1141,James Garcia,elizabethwebster@example.com,2024-07-06
1142,Margaret Ford,amanda17@example.org,2020-08-19
1143,Mrs. Doris Santana,olivercharles@example.net,2023-06-27
1144,April Gilbert,underwoodbeverly@example.com,2023-02-25
1145,Matthew Morton,ashley34@example.org,2023-03-17
1146,Cindy Braun,davishannah@example.com,2020-08-17
1147,Glenn Miller,michellesutton@example.org,2021-04-25
1148,Shawn Grimes,joyce92@example.org,2021-10-28
1149,Elizabeth Orozco,richard80@example.com,2024-05-16
1150,Cesar Vega Jr.,wrightchristopher@example.com,2021-07-06
1151,Tammy Lucas,shawjillian@example.org,2020-02-19
1152,Ann Horn,michellecarey@example.org,2023-10-13
1153,Jamie Cohen,santoskevin@example.org,2023-05-12
1154,Jason Ingram,amandacopeland@example.com,2020-07-30
1155,Chad Burton,lori82@example.com,2020-11-27
1156,Christopher Suarez,xbishop@example.com,2023-07-04
1157,Rebecca Franklin,hroach@example.com,2023-09-05
1158,Kimberly Bernard,garciaandrew@example.net,2024-04-30
1159,Breanna Jacobs,jennifer34@example.com,2024-07-08
1160,Wanda Stephenson,oacosta@example.net,2022-03-10
1161,Alexander Lewis,rebecca09@example.com,2024-12-01
1162,Kimberly Carter,silvajennifer@example.org,2023-02-10
1163,Tiffany Rios,ohughes@example.org,2021-09-29
1164,Laura Alexander,snyderdarren@example.org,2020-12-25
1165,Douglas Smith,andrewgolden@example.net,2023-09-23
1166,Amanda Garcia,qshepherd@example.com,2023-09-01
1167,Steven Gonzales,jackie82@example.org,2023-06-18
1168,Mitchell Dean,charris@example.net,2023-01-28
1169,Krystal Graham,victordean@example.com,2024-02-20
1170,Rachel Torres,ltaylor@example.net,2023-09-22
1171,Shelby Holt,sarahdavis@example.com,2024-05-03
1172,Kayla Sullivan,melissa58@example.org,2024-08-14
1173,Joel Clark,pherrera@example.com,2022-05-17
1174,Leslie Shah,savannah09@example.org,2021-05-30
1175,Donald Reed,scarlson@example.net,2021-06-16
1176,Ashley Houston,blakeolivia@example.net,2022-11-30
1177,Edward Maldonado,michaelwalker@example.net,2024-05-30
1178,Kimberly Snow,kingelizabeth@example.org,2022-09-24
1179,Courtney Burke,qwilliams@example.com,2020-10-03
1180,Joyce Glass,jesse84@example.org,2023-11-26
1181,Danielle Frank,mmccann@example.net,2023-11-22
1182,James Hughes,ruizharry@example.com,2023-04-12
1183,Barbara Gray,nwright@example.org,2022-07-02
1184,Vincent Rodriguez,ialvarez@example.com,2022-12-27
1185,Robin Miller,amber93@example.net,2022-12-21
1186,Grace Friedman,michelle95@example.com,2024-04-29
1187,Richard Thomas,katherine22@example.com,2020-03-08
1188,Kim Johnson,erika16@example.org,2021-08-08
1189,Michele Stevens,pcordova@example.org,2022-12-27
1190,Samuel Cooper,austin71@example.org,2020-08-24
1191,Deborah Jones,jamesmartin@example.net,2023-07-21
1192,Todd Hughes,lori61@example.org,2024-02-29
1193,Billy Hawkins,tmorrison@example.net,2021-03-06
1194,Isaiah Castillo,lbrown@example.com,2021-01-27
1195,Thomas Shannon,wellschad@example.com,2021-04-14
1196,Samuel Sanchez,lori39@example.org,2024-08-02
1197,Travis Henderson,eric27@example.net,2023-02-16
1198,Mr. Drew Villegas,cward@example.org,2022-10-18
1199,Joshua Spence,angela42@example.org,2022-10-11
1200,Jason Juarez,anthony83@example.com,2024-01-17
1201,Michael Mason,xwatson@example.org,2024-05-27
1202,Sara Brown,juancross@example.org,2020-02-02
1203,Robert Smith,zcox@example.com,2024-04-12
1204,Mark Harris,rwatson@example.org,2022-12-03
1205,Stacey Morris,lgibson@example.net,2022-06-04
1206,Rebecca Jefferson,larry35@example.net,2021-01-12
1207,Daniel Burns,robertsdean@example.org,2023-01-07
1208,Cynthia Price,tkennedy@example.org,2021-06-16
1209,Cameron Adams,sheltonjennifer@example.com,2024-04-28
1210,Jacqueline Wilson,oscarwilliams@example.com,2021-07-07
1211,Jerome Wilson,vramirez@example.org,2021-07-05
1212,Samantha Kramer,shaneacosta@example.net,2022-01-12
1213,Tony Bryan,vhicks@example.net,2020-03-07
1214,Matthew Campbell,joshua75@example.org,2023-07-28
1215,Diana Williams,nthomas@example.com,2022-08-19
1216,Brandon Arias,hmiller@example.net,2021-09-01
1217,Michael Dickson,joshuafrank@example.org,2021-06-19
1218,Trevor Rodriguez,camposdustin@example.com,2024-11-17
1219,David Thompson,jacob06@example.com,2020-12-08
1220,Sonya Valencia,gomezmichael@example.org,2022-01-03
1221,Jaclyn Henry,agonzalez@example.net,2024-01-10
1222,Michelle Harrison,amytaylor@example.com,2024-01-15
1223,Haley Olson,oconnorgloria@example.com,2023-11-20
1224,James Quinn,christinebailey@example.com,2021-01-02
1225,Sherri Perry,oturner@example.net,2020-03-09
1226,Kyle Green,walkertina@example.org,2024-08-11
1227,Jeremy Malone,robert16@example.org,2020-12-08
1228,Kyle Clark,fhiggins@example.net,2022-11-17
1229,Jason Jones,thomasdavidson@example.com,2022-07-24
1230,Kendra Norton,ashley43@example.net,2022-01-25
1231,Evan Rogers,ruth51@example.org,2024-08-09
1232,Rebecca Davis,onelson@example.com,2023-10-20
1233,Cody Estrada,alan62@example.com,2021-08-30
1234,Gabrielle Gamble,gregory84@example.net,2024-08-31
1235,Jason Goodman,qnewman@example.com,2024-07-21
1236,David Hayden,dparsons@example.net,2021-08-23
1237,Elizabeth Fuller,williamstammy@example.org,2020-03-31
1238,Christopher Miller,sandovalmadison@example.org,2024-10-26
1239,Kara Hunter,dcharles@example.net,2024-12-03
1240,Ryan Hill,alexandra36@example.org,2020-12-09
1241,Laura Green,jason11@example.net,2023-01-06
1242,Brooke Mccall,staciecoleman@example.com,2020-02-13
1243,Mary Ponce,dhernandez@example.net,2024-09-04
1244,Timothy Lee,christinamurphy@example.org,2024-11-23
1245,Stephanie Parrish,sheadavid@example.org,2024-04-16
1246,Jason Newton,ellisfrancisco@example.org,2023-05-21
1247,Marvin Diaz,qanderson@example.net,2023-05-22
1248,Jessica Clay,horndonna@example.com,2022-08-20
1249,Adriana Green,shawn02@example.org,2021-03-10
1250,Peter Thompson,robert33@example.org,2023-10-11
1251,Scott Burnett,jacquelineclark@example.com,2023-12-26
1252,Karen Parker,richardsherman@example.net,2023-11-03
1253,Amy Freeman,heathermitchell@example.org,2021-12-12
1254,Jessica Thompson,danielle65@example.net,2024-08-18
1255,Chelsea Gross,xleon@example.com,2020-08-08
1256,Jennifer Wood,nicholasanderson@example.org,2024-07-10
1257,Kristen Torres,jennifer42@example.com,2023-02-04
1258,Dr. Michael Norman,latoyazhang@example.net,2022-12-31
1259,Lisa Mitchell,jenkinscorey@example.com,2024-10-23
1260,Alexander Jackson,mcook@example.com,2023-09-03
1261,Jennifer Robertson,ycastro@example.net,2022-05-04
1262,Monica Haley,evelynmartin@example.com,2021-02-28
1263,Katherine Fernandez,gyoung@example.net,2020-03-06
1264,Natasha Washington,npeters@example.net,2022-08-07
1265,Elizabeth Thomas,crystal50@example.org,2021-09-24
1266,John Miller,jordan35@example.com,2022-12-09
1267,Karen Gardner,frussell@example.net,2021-11-17
1268,Stephanie Parsons,kjones@example.net,2022-03-08
1269,Mr. Kyle Chan MD,christopherburns@example.com,2021-07-26
1270,Annette Carrillo,ocarroll@example.com,2021-07-18
1271,Kimberly Maldonado,stephensthomas@example.net,2020-05-26
1272,Veronica Williams,gutierrezmakayla@example.org,2023-01-15
1273,Barbara Thompson,travis05@example.org,2020-07-27
1274,Abigail Ward,tjenkins@example.org,2023-12-05
1275,Steven Adams,williamsmichael@example.net,2020-09-01
1276,Nicholas Greene,turneralexander@example.org,2023-01-09
1277,Ann Martin,sarahgarcia@example.org,2020-12-01
1278,Jason Davis,alicia21@example.com,2021-12-10
1279,Diana Taylor,sanderstroy@example.org,2021-01-21
1280,Christine Lucero,garciarichard@example.net,2024-11-30
1281,Jesse Ramos,ymiller@example.com,2020-08-20
1282,Grant Wagner,fernando03@example.org,2024-03-08
1283,Nathan Gibson,nadams@example.com,2021-04-27
1284,Lauren Murphy,patelbecky@example.com,2023-11-14
1285,Robert Ramirez,matthew63@example.org,2022-01-27
1286,Ronald Scott DDS,tinagomez@example.net,2021-05-19
1287,Nicole Daugherty,garciajoseph@example.com,2022-08-09
1288,Sarah Long,martinezalex@example.com,2022-02-03
1289,Carl Choi,williereynolds@example.net,2023-08-30
1290,Joshua Bell,yford@example.net,2021-09-03
1291,Tyler Richard,gregory61@example.org,2020-10-16
1292,Tina Davis,gallowaygarrett@example.org,2023-07-18
1293,Dana Phillips,vlopez@example.net,2020-07-29
1294,Janice Pena,feliciajohnston@example.net,2021-01-24
1295,Nathan Rowland,smithdiane@example.com,2020-12-04
1296,Alyssa Neal,bmurphy@example.org,2022-02-09
1297,Misty Jones,imurphy@example.net,2020-12-18
1298,Nathaniel Friedman,dawndorsey@example.org,2022-11-07
1299,Scott Phillips,rjoseph@example.org,2020-11-09
1300,Patrick Reyes,annettesmith@example.net,2022-05-02
1301,Elizabeth Guerrero,davidreyes@example.net,2022-10-05
1302,Cynthia Carter,cynthiacollins@example.com,2020-11-18
1303,Richard Brooks,fgraham@example.com,2024-05-13
1304,Corey Chung,valeriesolomon@example.org,2021-03-10
1305,Rachel Knight MD,perryjoseph@example.net,2020-12-28
1306,Natalie Patton,tonya31@example.com,2021-08-29
1307,Amy Newman,kpowell@example.com,2022-07-31
1308,Kristen Acosta,heather64@example.com,2020-05-13
1309,Alexander Doyle,cynthia69@example.net,2021-06-01
1310,Matthew Tate,robertshea@example.net,2023-05-31
1311,William Sanders,richard32@example.com,2020-05-29
1312,Rhonda Roberson,torresjoshua@example.net,2022-09-13
1313,Heidi Jackson,gibsonsuzanne@example.com,2020-06-19
1314,Michael Jones,kimberlybutler@example.com,2022-06-21
1315,Tammy Perez,bflynn@example.net,2024-05-02
1316,Jeffery Burns,rodney31@example.com,2022-06-14
1317,Shawn Morales,qmontoya@example.net,2023-11-12
1318,Tammy Johnson,nobledawn@example.com,2020-09-06
1319,Jordan Haley,brooksstanley@example.net,2024-09-28
1320,Kimberly Mueller,fchung@example.com,2021-11-07
1321,Erin Hayes,henrywright@example.net,2022-03-13
1322,Jeffrey Carpenter,breanna24@example.net,2023-01-08
1323,Jonathan Hoffman,derek62@example.com,2021-12-14
1324,Gary Ellis,frojas@example.net,2022-11-14
1325,Kyle Watkins,linda25@example.net,2023-02-10
1326,William Camacho,imorales@example.com,2022-11-09
1327,Dawn Martin,crystal80@example.org,2023-08-25
1328,Richard Bowers,smelendez@example.org,2021-07-31
1329,Cindy Baldwin,cynthiawallace@example.com,2023-07-25
1330,Suzanne Yates,fmiller@example.net,2023-02-15
1331,Christopher Page,lisathompson@example.org,2021-12-17
1332,Alexander Kelley MD,selenawilliamson@example.net,2023-02-24
1333,Lisa Norris,ryanwong@example.org,2020-10-25
1334,Kimberly Ryan,julie66@example.com,2021-03-05
1335,Robert Hopkins,juliejohnson@example.org,2024-02-05
1336,Michael Murphy,kcollier@example.org,2024-07-26
1337,Rebecca Hampton,alfred60@example.com,2024-06-05
1338,Devin Williams,jeffery67@example.net,2021-09-22
1339,Krystal Watson,mooredavid@example.org,2021-03-30
1340,Elizabeth Fuller,sean76@example.com,2021-12-22
1341,Stephanie Walters,bautistasandra@example.org,2022-12-05
1342,Bryan Cantu,robin33@example.net,2022-05-13
1343,Rachel Lee,mark22@example.com,2023-09-24
1344,Alicia Edwards,lisalopez@example.com,2024-12-16
1345,William Ford,lbrown@example.net,2020-10-09
1346,Lisa Moore,fishergeorge@example.org,2020-09-23
1347,Joseph Peterson,meghanhughes@example.com,2022-07-24
1348,Luke Thompson,elove@example.org,2021-09-23
1349,James Payne DDS,watersgeorge@example.org,2023-11-10
1350,Joshua Arroyo,nfields@example.com,2023-11-15
1351,Emily Dixon,horntiffany@example.com,2022-07-16
1352,Natalie Baldwin,maurice45@example.org,2021-08-23
1353,Lori Anderson,ljames@example.net,2021-01-18
1354,Patricia Moran,meghan50@example.org,2020-04-13
1355,Carol Ramos,nicolestevenson@example.com,2022-03-05
1356,Willie Mcclure,dkennedy@example.org,2021-09-03
1357,James Walker,ashleywilson@example.net,2024-08-16
1358,Stephen Hawkins,thomas28@example.org,2024-01-07
1359,Ronald Williams,shafferjessica@example.org,2022-11-10
1360,Andrew Kim,jonesstephanie@example.com,2024-02-03
1361,Kelly Johnson,justinroberts@example.org,2021-06-22
1362,Michael Mccall,james13@example.com,2021-12-08
1363,Nicole Hicks,alanhill@example.net,2020-05-26
1364,Benjamin Morgan,michaelreeves@example.org,2021-12-12
1365,Lindsey Carson,robertjackson@example.com,2020-01-14
1366,Laura Patterson,colleen10@example.org,2023-05-15
1367,Daniel Bell,dale99@example.net,2020-06-05
1368,Stephanie Contreras,paigecollins@example.com,2024-10-06
1369,Steven Dougherty,pamelareid@example.org,2023-07-11
1370,Jerry Manning,wilkinsonnicole@example.org,2023-09-25
1371,Amber Moon,schmidtamanda@example.com,2024-05-26
1372,Jeremy Cochran,bcurtis@example.org,2021-05-21
1373,Alyssa Richmond,qwilson@example.com,2021-09-09
1374,Mrs. Michelle Hunt,cfields@example.net,2020-03-21
1375,Rhonda Turner,navarroshane@example.com,2020-11-07
1376,Stacie Caldwell,charlesbaldwin@example.net,2022-07-18
1377,Brian Ward,maria15@example.com,2023-08-21
1378,Cody Keith,morenojoshua@example.org,2023-12-22
1379,Michael Wilson,ricedonald@example.org,2024-07-07
1380,Jennifer Stone,josephstephens@example.net,2021-07-29
1381,Renee Olsen,rioskatherine@example.org,2022-03-21
1382,Michelle Evans,justin72@example.org,2023-05-11
1383,Shelly Osborne,careykelly@example.com,2023-02-19
1384,Christopher Howell,brownjoseph@example.com,2022-07-18
1385,Ms. Morgan Bowen,hoganrussell@example.net,2022-03-16
1386,Joseph Henderson,lopezbrian@example.com,2020-06-22
1387,Paige Mclaughlin,zjohnston@example.com,2024-06-27
1388,Heather Brown,martinlisa@example.net,2020-05-08
1389,Paula Johnson MD,kwarren@example.com,2023-07-22
1390,Kathleen Edwards,xatkinson@example.org,2021-11-23
1391,Melanie Nelson,clarkwilliam@example.com,2020-06-12
1392,James Cobb,ihardy@example.org,2022-06-10
1393,Kathy Drake,stevensdeborah@example.org,2022-09-07
1394,Cheryl Cross,hpetty@example.com,2023-04-10
1395,Amy Powell,tylerlawrence@example.net,2024-09-07
1396,Kimberly Frederick,tfreeman@example.net,2021-05-09
1397,Michael Reynolds,greed@example.com,2023-07-18
1398,Christine Smith,nsingleton@example.org,2022-12-18
1399,Sara Johns,angelahunter@example.net,2024-10-27
1400,Jonathan Vega,hcarpenter@example.net,2021-01-02
1401,Annette Miller,scott36@example.org,2020-09-17
1402,Nicole Crawford,elizabethmartinez@example.com,2021-02-14
1403,Stephanie Todd,donna11@example.com,2024-06-27
1404,Cynthia Glass,ashley30@example.org,2021-04-07
1405,Becky Terrell,tmcdowell@example.com,2024-02-13
1406,Joshua Duran,nreynolds@example.org,2024-07-17
1407,Monica Miller,uwilliams@example.net,2020-01-15
1408,Victoria Freeman,alexislandry@example.com,2020-06-06
1409,William Kerr,michellesuarez@example.com,2021-09-04
1410,Robert Cook,robert98@example.com,2024-04-06
1411,Sandra Baker,mitchellerin@example.com,2022-03-23
1412,Stephanie Greene,tharris@example.net,2022-04-16
1413,George Mathis,cookerobert@example.org,2022-05-07
1414,Daniel Cox,robert62@example.net,2021-08-10
1415,Cindy Cunningham,brandonlee@example.net,2022-01-03
1416,Alexandra Lopez,kathleen87@example.net,2022-10-09
1417,Michael Abbott,tammyswanson@example.net,2023-05-11
1418,Nicholas Porter,lindaruiz@example.net,2022-06-14
1419,Wayne Park,xrodriguez@example.com,2020-01-08
1420,Zachary Wilson,aliciamclean@example.net,2023-11-25
1421,Amy Smith,jessicagarza@example.com,2021-06-24
1422,Stacy Harrison,hartmariah@example.com,2021-12-20
1423,Mark Ortega,fvasquez@example.net,2021-06-29
1424,Kimberly Walsh,courtney10@example.com,2021-04-19
1425,Michael Rowe,nlarson@example.com,2021-12-29
1426,Ronald Small,john79@example.net,2024-12-07
1427,Virginia Wheeler,jrobinson@example.com,2024-08-09
1428,Guy Peterson,joshua09@example.net,2021-01-21
1429,Jason Pratt,michael39@example.org,2023-05-06
1430,Robin Mathews,blake63@example.org,2022-08-14
1431,James Campbell,dmiller@example.com,2021-03-22
1432,Frederick Johnson,kimberlyyoung@example.org,2023-09-30
1433,Kristina Garrett,timothyharris@example.com,2020-06-18
1434,Tony Burton,kingrachel@example.org,2024-04-02
1435,William Parrish,jennifer70@example.org,2021-11-18
1436,Courtney Smith,irichards@example.com,2020-05-12
1437,Frances Beck,tina01@example.com,2020-04-12
1438,Samantha Rosales,steven98@example.org,2021-12-17
1439,Jacob Obrien,geoffrey11@example.net,2020-08-30
1440,Jason Ruiz,hjennings@example.com,2021-09-04
1441,Gregory Chavez,jamie79@example.org,2022-06-18
1442,Tyler Newton,gnoble@example.com,2021-01-26
1443,Mario Lindsey,usanchez@example.com,2023-02-06
1444,Charles Rogers,brandonbooth@example.net,2024-10-05
1445,Kyle Lawson,achambers@example.com,2020-07-28
1446,Sarah Lee,ricardo75@example.org,2021-01-23
1447,Charles Jackson,usalazar@example.net,2021-10-10
1448,Scott Johnson,katie46@example.com,2021-06-12
1449,Sarah Vaughan,raymond77@example.com,2022-02-06
1450,Amanda Collins,vegadana@example.org,2022-11-24
1451,Jose Stevens,owensmargaret@example.org,2021-12-23
1452,Kimberly Thompson,copelanderin@example.net,2020-07-17
1453,Jacob Dixon,michelle74@example.org,2020-06-22
1454,Raven Villarreal,theresa05@example.org,2023-08-13
1455,Kara Coleman,kelly57@example.net,2023-05-05
1456,James Carlson,hensleyandrew@example.com,2020-03-05
1457,Anthony Burnett,pamelaevans@example.com,2022-09-10
1458,Troy Ward,gabrielasavage@example.com,2023-06-11
1459,Deborah Campbell,kempsharon@example.org,2023-08-31
1460,Trevor Barnett,timothy32@example.net,2020-06-20
1461,Andrew Harrison,brian84@example.org,2024-01-13
1462,Lori Fuller,brian13@example.net,2023-07-31
1463,Laura Gonzalez,tony34@example.org,2020-06-10
1464,Mr. Gerald Brown,john94@example.org,2020-11-22
1465,Cameron Brewer,lindsay41@example.org,2020-09-30
1466,Craig Atkinson,dustinspears@example.org,2021-04-05
1467,Cynthia Gomez,amystanley@example.net,2020-01-09
1468,Dr. Douglas Fox MD,jason50@example.net,2024-07-01
1469,Audrey Fisher,ibenton@example.org,2020-09-18
1470,James Rodriguez,jacqueline61@example.org,2020-06-29
1471,Jerry Jackson,qmeyer@example.com,2024-10-31
1472,Carla Morse,lisa17@example.net,2020-09-24
1473,Victoria Forbes,johnsonsusan@example.net,2021-11-13
1474,Cassandra Bond,jennifer59@example.org,2021-02-10
1475,Monica Russo,melissa57@example.net,2020-10-03
1476,Cesar Williamson,steven33@example.com,2022-04-29
1477,Hannah Moore,rossjames@example.net,2022-04-12
1478,Melissa Robinson,paulanderson@example.org,2022-01-09
1479,Sandra Martin,zsanchez@example.net,2024-05-18
1480,Wendy Chapman,riversmark@example.net,2022-01-31
1481,Gordon Levine,william46@example.org,2022-03-10
1482,Molly Harris,kelseywilliams@example.com,2023-09-05
1483,Marissa Carter,parkerkathleen@example.com,2020-10-17
1484,Rachel Garza,znicholson@example.org,2024-10-17
1485,Travis Kline,williamsjoanne@example.org,2022-09-25
1486,Amber Adams,qrodgers@example.net,2020-05-07
1487,William Marshall,xandersen@example.org,2021-04-24
1488,Danny Lynch,qhernandez@example.net,2021-09-06
1489,Eric Griffin,hstone@example.net,2020-01-29
1490,Kirk Yoder,ifletcher@example.net,2021-01-08
1491,Stephanie Adkins,zclark@example.com,2023-04-06
1492,Lauren Perez,daviskrystal@example.com,2022-07-13
1493,Richard Jordan,zdodson@example.net,2023-06-04
1494,Johnny Santos,julie75@example.net,2023-06-25
1495,Lisa Kline,randy40@example.net,2021-09-29
1496,Dennis Smith,sanchezrobin@example.com,2020-01-29
1497,James Johnson,edwardchristian@example.org,2020-10-08
1498,Daniel Patterson,tammymurphy@example.com,2022-12-27
1499,Rachel Nicholson,ismith@example.org,2023-09-18
1500,Courtney Ellis,danielramirez@example.com,2020-07-22
